n_components,f1_macro_cv
5,0.3250487315047243
10,0.32312352768925195
15,0.3326131083392059
