max_depth,f1_macro_cv
3,0.20929332335417933
5,0.2453500270909557
7,0.27749132546819005
10,0.2993497114310464
None,0.28533144977217423
